{
  "train_mae": 4.523899166487294,
  "test_mae": 6.614851976793366,
  "test_rmse": 10.097597106203832,
  "test_r2": 0.9888451068124254,
  "accuracy_20g": 93.0,
  "accuracy_30g": 97.5,
  "accuracy_50g": 99.5,
  "rf_weight": 0.4,
  "nn_weight": 0.6,
  "n_samples": 1000,
  "n_features": 19
}