{
  "train_mae": 4.272593961850304,
  "test_mae": 6.677409896864402,
  "test_rmse": 10.29284899994141,
  "test_r2": 0.9884095434702442,
  "accuracy_20g": 92.5,
  "accuracy_30g": 97.5,
  "accuracy_50g": 99.5,
  "rf_weight": 0.4,
  "nn_weight": 0.6,
  "n_samples": 1000,
  "n_features": 19
}