{
  "train_mae": 11.769889886092455,
  "test_mae": 16.015693253116886,
  "test_rmse": 19.829258421677427,
  "test_r2": 0.9497107359739776,
  "accuracy_20g": 68.0,
  "accuracy_30g": 89.5,
  "accuracy_50g": 97.5,
  "rf_weight": 0.4,
  "nn_weight": 0.6,
  "n_samples": 1000,
  "n_features": 17
}