{
  "train_mae": 5.001158980255788,
  "test_mae": 7.839774949648634,
  "test_rmse": 11.711595615754568,
  "test_r2": 0.9849941197556881,
  "accuracy_20g": 90.5,
  "accuracy_30g": 95.5,
  "accuracy_50g": 99.5,
  "rf_weight": 0.4,
  "nn_weight": 0.6,
  "n_samples": 1000,
  "n_features": 19
}