{
  "train_mae": 5.461178563501741,
  "test_mae": 7.69083807059073,
  "test_rmse": 10.545519322893693,
  "test_r2": 0.9902251731032712,
  "accuracy_20g": 91.0,
  "accuracy_30g": 99.0,
  "accuracy_50g": 100.0,
  "rf_weight": 0.4,
  "nn_weight": 0.6,
  "n_samples": 1000,
  "n_features": 17
}