{
  "train_mae": 11.952880708751417,
  "test_mae": 15.41524313183409,
  "test_rmse": 18.724329217971412,
  "test_r2": 0.9551590431445696,
  "accuracy_20g": 71.0,
  "accuracy_30g": 89.0,
  "accuracy_50g": 100.0,
  "rf_weight": 0.4,
  "nn_weight": 0.6,
  "n_samples": 1000,
  "n_features": 17
}